<?xml version="1.0" encoding="utf-8"?><feed xmlns="http://www.w3.org/2005/Atom"><title type="text">博客园</title><id>uuid:6679f54b-4c1d-40a1-8ddd-e9de279f4970;id=6615</id><updated>2016-10-14T04:13:09Z</updated><link href="http://www.cnblogs.com/"/><entry><id>5959008</id><title type="text">【.net+jquery】绘制自定义表单（含源码）</title><summary type="text">前言两年前在力控的时候就想做一个类似的功能，当时思路大家都讨论好了，诸多原因最终还是夭折了。没想到两年多后再这有重新提出要写一个绘制表单的功能。对此也是有点小激动呢？总共用时天的时间基本功能也就实现了，当然再者中间也借用了网上的一些资料，公司前端也没有帮忙处理，所以样式和部分功能还没有更好地</summary><published>2016-10-14T12:06:00+08:00</published><updated>2016-10-14T04:13:09Z</updated><author><name>kmonkey</name><uri>http://www.cnblogs.com/kmonkeywyl/</uri><avatar>http://pic.cnblogs.com/face/688939/20160728115454.png</avatar></author><link rel="alternate" href="http://www.cnblogs.com/kmonkeywyl/p/5959008.html"/><blogapp>kmonkeywyl</blogapp><diggs>0</diggs><views>7</views><comments>0</comments></entry><entry><id>5959862</id><title type="text">初识SQL Server Integration Services (SSIS)</title><summary type="text">什么是微软的（）微软是构建企业级数据集成和数据转换解决方案平台。您可以使用集成服务来解决复杂的业务问题通过复制或下载文件，发送电子邮件以响应事件，更新数据仓库、清洗和挖掘数据和管理对象和数据</summary><published>2016-10-14T11:55:00+08:00</published><updated>2016-10-14T04:13:09Z</updated><author><name>Nikomao</name><uri>http://www.cnblogs.com/NikoMao/</uri><avatar>http://pic.cnblogs.com/face/317916/20150906090720.png</avatar></author><link rel="alternate" href="http://www.cnblogs.com/NikoMao/p/5959862.html"/><blogapp>NikoMao</blogapp><diggs>0</diggs><views>7</views><comments>0</comments></entry><entry><id>5959528</id><title type="text">Hibernate —— HQL、QBC检索方式</title><summary type="text">一、检索方式以双向的一对多来测试检索方式。以和y为例。建表语句：对应的实体和文件</summary><published>2016-10-14T11:51:00+08:00</published><updated>2016-10-14T04:13:09Z</updated><author><name>solverpeng</name><uri>http://www.cnblogs.com/solverpeng/</uri><avatar>http://pic.cnblogs.com/face/411242/20160624101956.png</avatar></author><link rel="alternate" href="http://www.cnblogs.com/solverpeng/p/5959528.html"/><blogapp>solverpeng</blogapp><diggs>0</diggs><views>8</views><comments>0</comments></entry><entry><id>5959697</id><title type="text">I/O模型： 阻塞、非阻塞、I/O复用、同步、异步</title><summary type="text">阻塞、非阻塞、复用、同步、异步</summary><published>2016-10-14T11:18:00+08:00</published><updated>2016-10-14T04:13:09Z</updated><author><name>wangxiaobao1114</name><uri>http://www.cnblogs.com/wangxiaobao/</uri><avatar/></author><link rel="alternate" href="http://www.cnblogs.com/wangxiaobao/p/5959697.html"/><blogapp>wangxiaobao</blogapp><diggs>0</diggs><views>55</views><comments>0</comments></entry><entry><id>5959629</id><title type="text">浅谈Java浅层复制和深层复制</title><summary type="text">对象的深层复制是指对象本身被成新对象，同时的属性也是被成新对象，赋值到的各个属性上去，与的相同属性都引用到不同的对象；对象的浅层复制是指对象本身被成新对象但的属性没有被处理，只是把的各个属性所指的对象赋值</summary><published>2016-10-14T11:06:00+08:00</published><updated>2016-10-14T04:13:09Z</updated><author><name>徜徉林</name><uri>http://www.cnblogs.com/gdlin/</uri><avatar>http://pic.cnblogs.com/face/891236/20161011105300.png</avatar></author><link rel="alternate" href="http://www.cnblogs.com/gdlin/p/5959629.html"/><blogapp>gdlin</blogapp><diggs>0</diggs><views>36</views><comments>1</comments></entry><entry><id>5959476</id><title type="text">模块式开发</title><summary type="text">这两天看到同事的一个小工具，用的是模块式开发，也就是俗称的插件开发，用的是反射接口的方式实现的。感觉挺好的，也就学习了一下，写个小，在此记录下。一、写接口类接口类是所有模块的基础，因为让主程序去寻找模块，就是通过反射来找到继承此接口的相关项目，也就是后期包含继承此接口类的文件。</summary><published>2016-10-14T10:40:00+08:00</published><updated>2016-10-14T04:13:09Z</updated><author><name>眾尋</name><uri>http://www.cnblogs.com/ZXdeveloper/</uri><avatar>http://pic.cnblogs.com/face/609679/20140304171942.png</avatar></author><link rel="alternate" href="http://www.cnblogs.com/ZXdeveloper/p/5959476.html"/><blogapp>ZXdeveloper</blogapp><diggs>1</diggs><views>142</views><comments>1</comments></entry><entry><id>5959322</id><title type="text">攻城利器 —— Carthage简单介绍</title><summary type="text">简单介绍主页：作者：等版本：目标：用最简单的方式来管理第三方框架性质：第三方框架管理工具类似于</summary><published>2016-10-14T10:20:00+08:00</published><updated>2016-10-14T04:13:09Z</updated><author><name>文顶顶</name><uri>http://www.cnblogs.com/wendingding/</uri><avatar>http://pic.cnblogs.com/face/450136/20160129165246.png</avatar></author><link rel="alternate" href="http://www.cnblogs.com/wendingding/p/5959322.html"/><blogapp>wendingding</blogapp><diggs>2</diggs><views>61</views><comments>0</comments></entry><entry><id>5951883</id><title type="text">编写高质量代码:改善Java程序的151个建议(第8章:异常___建议114~117)</title><summary type="text">建议：不要在构造函数中抛出异常异常的机制有三种：类及其子类表示的是错误，它是不需要程序员处理也不能处理的异常，比如虚拟机错误，线程僵死等。类及其子类表示的是非受检异常，是系统可能</summary><published>2016-10-14T09:56:00+08:00</published><updated>2016-10-14T04:13:09Z</updated><author><name>阿赫瓦里</name><uri>http://www.cnblogs.com/selene/</uri><avatar>http://pic.cnblogs.com/face/712052/20150513224832.png</avatar></author><link rel="alternate" href="http://www.cnblogs.com/selene/p/5951883.html"/><blogapp>selene</blogapp><diggs>4</diggs><views>91</views><comments>0</comments></entry><entry><id>5953952</id><title type="text">为IEnumerable&amp;lt;T&amp;gt;添加RemoveAll&amp;lt;IEnumerable&amp;lt;T&amp;gt;&amp;gt;扩展方法--高性能篇</title><summary type="text">最近写代码，遇到一个问题，微软基于自带的方法是可是有时候我们可能会用到诸如的方法，坦白的说，就是传入的参数是一个，而不是一个这种情景是随时可能用到的</summary><published>2016-10-14T09:46:00+08:00</published><updated>2016-10-14T04:13:09Z</updated><author><name>谷歌’s</name><uri>http://www.cnblogs.com/laogu2/</uri><avatar/></author><link rel="alternate" href="http://www.cnblogs.com/laogu2/p/5953952.html"/><blogapp>laogu2</blogapp><diggs>5</diggs><views>154</views><comments>4</comments></entry><entry><id>5941953</id><title type="text">Java Spring mvc 操作 Redis 及 Redis 集群</title><summary type="text">本文原创，转载请注明：z关于集群搭建可以参考我的另一篇文章集群搭建与简单使用是什么，能做什么是一个开源（许可），内存存储的数据结构服务器，可用作数</summary><published>2016-10-14T09:24:00+08:00</published><updated>2016-10-14T04:13:09Z</updated><author><name>风的姿态</name><uri>http://www.cnblogs.com/fengzheng/</uri><avatar>http://pic.cnblogs.com/face/273364/20140311104117.png</avatar></author><link rel="alternate" href="http://www.cnblogs.com/fengzheng/p/5941953.html"/><blogapp>fengzheng</blogapp><diggs>3</diggs><views>166</views><comments>1</comments></entry><entry><id>5910309</id><title type="text">细说Java主流日志工具库</title><summary type="text">本文较为详细的对比了当前世界主流日志工具库（。此外，本文对日志工具库的使用也给出了完整范例。并列举了不同日志解决方案的实施方法和兼容方案。通过本文，应该可以帮助你快速构建项目</summary><published>2016-10-14T09:06:00+08:00</published><updated>2016-10-14T04:13:09Z</updated><author><name>静默虚空</name><uri>http://www.cnblogs.com/jingmoxukong/</uri><avatar>http://pic.cnblogs.com/face/318837/20161012112816.png</avatar></author><link rel="alternate" href="http://www.cnblogs.com/jingmoxukong/p/5910309.html"/><blogapp>jingmoxukong</blogapp><diggs>9</diggs><views>146</views><comments>4</comments></entry><entry><id>5958047</id><title type="text">SQL Server 存储过程的几种常见写法分析，我们该用那种写法</title><summary type="text">本文出处：y最近发现还有不少做开发的小伙伴，在写存储过程的时候，在参考已有的不同的写法时，往往很迷茫，不知道各种写法孰优孰劣，该选用那种写法，以及各种写法优缺点，本文以一个简单的查询存储过程为例，简单说一下各种写</summary><published>2016-10-14T08:50:00+08:00</published><updated>2016-10-14T04:13:09Z</updated><author><name>坏人123</name><uri>http://www.cnblogs.com/wy123/</uri><avatar>http://pic.cnblogs.com/face/380271/20161014085139.png</avatar></author><link rel="alternate" href="http://www.cnblogs.com/wy123/p/5958047.html"/><blogapp>wy123</blogapp><diggs>11</diggs><views>227</views><comments>0</comments></entry><entry><id>5957356</id><title type="text">H5图片压缩与上传</title><summary type="text">接到需求，问前端是否可以压缩图片？因为有的图片太大，传到服务器上再压缩太慢了。意识里没有这么玩过，早上老大丢来一个知乎链接，一看，原来前辈们已经用实现了为自己的见识羞愧秒钟，再马上开干！。压缩使用了上的一个现成库：</summary><published>2016-10-14T08:40:00+08:00</published><updated>2016-10-14T04:13:09Z</updated><author><name>stoneniqiu</name><uri>http://www.cnblogs.com/stoneniqiu/</uri><avatar>http://pic.cnblogs.com/face/417688/20140604115833.png</avatar></author><link rel="alternate" href="http://www.cnblogs.com/stoneniqiu/p/5957356.html"/><blogapp>stoneniqiu</blogapp><diggs>11</diggs><views>336</views><comments>5</comments></entry><entry><id>5958979</id><title type="text">计算机程序的思维逻辑 (41) -  剖析HashSet</title><summary type="text">本节介绍，它有什么特点，有哪些应用，是如何实现的？</summary><published>2016-10-14T08:39:00+08:00</published><updated>2016-10-14T04:13:09Z</updated><author><name>老马说编程</name><uri>http://www.cnblogs.com/swiftma/</uri><avatar>http://pic.cnblogs.com/face/924211/20160417003730.png</avatar></author><link rel="alternate" href="http://www.cnblogs.com/swiftma/p/5958979.html"/><blogapp>swiftma</blogapp><diggs>2</diggs><views>68</views><comments>0</comments></entry><entry><id>5958576</id><title type="text">通过重建Hosting系统理解HTTP请求在ASP.NET Core管道中的处理流程[下]：管道是如何构建起来的？</title><summary type="text">请求处理管道由一个服务器和一组中间件构成。如果想非常深刻地认识的请求处理管道，我觉得可以分两个步骤来进行：首先，我们可以在忽略具体细节的前提下搞清楚管道处理请求的总体流程；在对总体流程有了大致了解之后，我们再来补充这些刻意忽略的细节。为了让读者</summary><published>2016-10-13T23:01:00+08:00</published><updated>2016-10-14T04:13:09Z</updated><author><name>Artech</name><uri>http://www.cnblogs.com/artech/</uri><avatar>http://pic.cnblogs.com/face/u19327.jpg</avatar></author><link rel="alternate" href="http://www.cnblogs.com/artech/p/rebuild-pipeline-03.html"/><blogapp>artech</blogapp><diggs>6</diggs><views>122</views><comments>0</comments></entry><entry><id>5958344</id><title type="text">从零开始写个一个豆瓣电影 (小程序教程1)</title><summary type="text">微信小程序内测至今也有天左右，也有很多人作出了很多不错的并发布到了。前几日看见了豆瓣电影这个，感觉很不错，也跟着做了一个，作为复习巩固文档用。废话不多说，直接进入正题：第一节只写一个首页的展示，数据用的是自己写的虚拟的数据新建一个，不要使用微信自带</summary><published>2016-10-13T22:06:00+08:00</published><updated>2016-10-14T04:13:09Z</updated><author><name>Runlin</name><uri>http://www.cnblogs.com/zhengrunlin/</uri><avatar/></author><link rel="alternate" href="http://www.cnblogs.com/zhengrunlin/p/5958344.html"/><blogapp>zhengrunlin</blogapp><diggs>4</diggs><views>403</views><comments>3</comments></entry><entry><id>5958319</id><title type="text">我为什么要旗帜鲜明地、不留余地地反对冯大辉</title><summary type="text">鱼目混珠者有高明之处，左右逢源之能，这本无可厚非，但如果一种投机的技术态度，堂而皇之的成为青年的学习榜样，作为对技术有态度、有坚持的我，在此时此刻，有义务，甚至要义无反顾的站出来反对并碾碎这样的丑恶</summary><published>2016-10-13T21:59:00+08:00</published><updated>2016-10-14T04:13:09Z</updated><author><name>初码</name><uri>http://www.cnblogs.com/printhelloworld/</uri><avatar>http://pic.cnblogs.com/face/983921/20160630094229.png</avatar></author><link rel="alternate" href="http://www.cnblogs.com/printhelloworld/p/5958319.html"/><blogapp>printhelloworld</blogapp><diggs>45</diggs><views>1310</views><comments>110</comments></entry><entry><id>5958219</id><title type="text">迷宫问题求解之“穷举+回溯”（一）</title><summary type="text">求迷宫从入口到出口的所有路径是一个经典的程序设计问题，求解迷宫，通常采用的是“穷举回溯”的思想，即从入口开始，顺着某一个方向出发，若能够走通，就继续往前走；若不能走通，则退回原路，换一个方向继续向前探索，直到所有的通路都探寻为止。因此本文依据这种“穷举回溯”的思想，设计一个求解迷宫的程序。</summary><published>2016-10-13T21:28:00+08:00</published><updated>2016-10-14T04:13:09Z</updated><author><name>msay</name><uri>http://www.cnblogs.com/mingjiatang/</uri><avatar/></author><link rel="alternate" href="http://www.cnblogs.com/mingjiatang/p/5958219.html"/><blogapp>mingjiatang</blogapp><diggs>1</diggs><views>62</views><comments>0</comments></entry><entry><id>5958170</id><title type="text">VSCode调试go语言出现：exec: &amp;quot;gcc&amp;quot;: executable file not found in %PATH%</title><summary type="text">、问题描述由于安装，搞的系统由重新安装一次；在用编译语言时，出现以下问题：、解决方案</summary><published>2016-10-13T21:12:00+08:00</published><updated>2016-10-14T04:13:09Z</updated><author><name>迪克猪</name><uri>http://www.cnblogs.com/zsy/</uri><avatar>http://pic.cnblogs.com/face/10966/20160211180939.png</avatar></author><link rel="alternate" href="http://www.cnblogs.com/zsy/p/5958170.html"/><blogapp>zsy</blogapp><diggs>2</diggs><views>48</views><comments>0</comments></entry><entry><id>5958074</id><title type="text">网页爬虫--scrapy入门</title><summary type="text">本篇从实际出发，展示如何用网页爬虫。并介绍一个流行的爬虫框架~网页爬虫的过程所谓网页爬虫，就是模拟浏览器的行为访问网站，从而获得网页信息的程序。正因为是程序，所以获得网页的速度可以轻易超过单身多年的手速：。通常适用于需要大量网页信息的场合。爬取网页的流程为：访问初始获得返回的网</summary><published>2016-10-13T20:48:00+08:00</published><updated>2016-10-14T04:13:09Z</updated><author><name>刀刀流</name><uri>http://www.cnblogs.com/rubinorth/</uri><avatar>http://pic.cnblogs.com/face/1009839/20160907163702.png</avatar></author><link rel="alternate" href="http://www.cnblogs.com/rubinorth/p/5958074.html"/><blogapp>rubinorth</blogapp><diggs>0</diggs><views>193</views><comments>0</comments></entry></feed>